{
    "width": 640,
    "height": 480,
    "camera_matrix": [
        [
            645.3043077974896,
            0.0,
            315.15228589833805
        ],
        [
            0.0,
            649.3999776308389,
            258.7056674004233
        ],
        [
            0.0,
            0.0,
            1.0
        ]
    ],
    "distortion_coefficients": [
        [
            0.13232068882952913,
            -0.333866199965113,
            0.001770148892098156,
            -0.008927428347751643,
            0.33581345968511733
        ]
    ],
    "rms_reprojection_error": 0.3368613109908641,
    "f_x": 645.3043077974896,
    "f_y": 649.3999776308389,
    "f_avg": 647.3521427141643,
    "cx": 315.15228589833805,
    "cy": 258.7056674004233
}